bank_entry_id,settlement_batch_id,booked_at,credited_amount,currency,bank_reference,description
SYNTH-BANK-000001,SYNTH-BATCH-AMOUNT-BREAK-000266,2026-01-15T09:30:11Z,1862.63,USD,SYNTH-BANK-REF-000001,Synthetic settlement for SYNTH-BATCH-AMOUNT-BREAK-000266
SYNTH-BANK-000002,SYNTH-BATCH-AMOUNT-BREAK-000280,2026-01-15T16:20:42Z,933.85,EUR,SYNTH-BANK-REF-000002,Synthetic settlement for SYNTH-BATCH-AMOUNT-BREAK-000280
SYNTH-BANK-000003,SYNTH-BATCH-AMOUNT-BREAK-000304,2026-01-11T21:30:49Z,9.01,USD,SYNTH-BANK-REF-000003,Synthetic settlement for SYNTH-BATCH-AMOUNT-BREAK-000304
SYNTH-BANK-000004,SYNTH-BATCH-AMOUNT-BREAK-000374,2026-01-11T07:02:30Z,1800.61,USD,SYNTH-BANK-REF-000004,Synthetic settlement for SYNTH-BATCH-AMOUNT-BREAK-000374
SYNTH-BANK-000005,SYNTH-BATCH-AMOUNT-BREAK-000449,2026-01-02T04:49:36Z,1806.68,USD,SYNTH-BANK-REF-000005,Synthetic settlement for SYNTH-BATCH-AMOUNT-BREAK-000449
SYNTH-BANK-000006,SYNTH-BATCH-AMOUNT-BREAK-000508,2026-01-05T13:46:01Z,1646.63,USD,SYNTH-BANK-REF-000006,Synthetic settlement for SYNTH-BATCH-AMOUNT-BREAK-000508
SYNTH-BANK-000007,SYNTH-BATCH-AMOUNT-BREAK-000656,2026-01-13T04:10:39Z,2325.66,USD,SYNTH-BANK-REF-000007,Synthetic settlement for SYNTH-BATCH-AMOUNT-BREAK-000656
SYNTH-BANK-000008,SYNTH-BATCH-AMOUNT-BREAK-000741,2026-01-14T22:25:48Z,1868.75,GBP,SYNTH-BANK-REF-000008,Synthetic settlement for SYNTH-BATCH-AMOUNT-BREAK-000741
SYNTH-BANK-000009,SYNTH-BATCH-AMOUNT-BREAK-000886,2026-01-05T05:31:44Z,1792.15,USD,SYNTH-BANK-REF-000009,Synthetic settlement for SYNTH-BATCH-AMOUNT-BREAK-000886
SYNTH-BANK-000010,SYNTH-BATCH-AMOUNT-BREAK-000963,2026-01-12T07:27:53Z,31.69,USD,SYNTH-BANK-REF-000010,Synthetic settlement for SYNTH-BATCH-AMOUNT-BREAK-000963
SYNTH-BANK-000011,SYNTH-BATCH-BANK-CURRENCY-000110,2026-01-13T02:27:20Z,767.13,USD,SYNTH-BANK-REF-000011,Synthetic settlement for SYNTH-BATCH-BANK-CURRENCY-000110
SYNTH-BANK-000012,SYNTH-BATCH-BANK-CURRENCY-000200,2026-01-05T08:49:48Z,2324.87,USD,SYNTH-BANK-REF-000012,Synthetic settlement for SYNTH-BATCH-BANK-CURRENCY-000200
SYNTH-BANK-000013,SYNTH-BATCH-BANK-CURRENCY-000282,2026-01-03T21:13:33Z,1332.59,EUR,SYNTH-BANK-REF-000013,Synthetic settlement for SYNTH-BATCH-BANK-CURRENCY-000282
SYNTH-BANK-000014,SYNTH-BATCH-BANK-CURRENCY-000407,2026-01-02T07:30:38Z,1777.1,EUR,SYNTH-BANK-REF-000014,Synthetic settlement for SYNTH-BATCH-BANK-CURRENCY-000407
SYNTH-BANK-000015,SYNTH-BATCH-BANK-CURRENCY-000472,2026-01-11T07:04:30Z,1101.12,EUR,SYNTH-BANK-REF-000015,Synthetic settlement for SYNTH-BATCH-BANK-CURRENCY-000472
SYNTH-BANK-000016,SYNTH-BATCH-BANK-CURRENCY-000516,2026-01-13T08:11:47Z,397.58,EUR,SYNTH-BANK-REF-000016,Synthetic settlement for SYNTH-BATCH-BANK-CURRENCY-000516
SYNTH-BANK-000017,SYNTH-BATCH-BANK-CURRENCY-000545,2026-01-14T23:31:49Z,2370.09,EUR,SYNTH-BANK-REF-000017,Synthetic settlement for SYNTH-BATCH-BANK-CURRENCY-000545
SYNTH-BANK-000018,SYNTH-BATCH-BANK-CURRENCY-000547,2026-01-02T04:19:44Z,1318.36,EUR,SYNTH-BANK-REF-000018,Synthetic settlement for SYNTH-BATCH-BANK-CURRENCY-000547
SYNTH-BANK-000019,SYNTH-BATCH-BANK-CURRENCY-000559,2026-01-14T06:27:19Z,2264.44,EUR,SYNTH-BANK-REF-000019,Synthetic settlement for SYNTH-BATCH-BANK-CURRENCY-000559
SYNTH-BANK-000020,SYNTH-BATCH-BANK-CURRENCY-000793,2026-01-10T16:32:52Z,722.82,EUR,SYNTH-BANK-REF-000020,Synthetic settlement for SYNTH-BATCH-BANK-CURRENCY-000793
SYNTH-BANK-000021,SYNTH-BATCH-CURRENCY-000031,2026-01-04T20:34:20Z,555.08,USD,SYNTH-BANK-REF-000021,Synthetic settlement for SYNTH-BATCH-CURRENCY-000031
SYNTH-BANK-000022,SYNTH-BATCH-CURRENCY-000041,2026-01-14T18:32:29Z,2265.19,USD,SYNTH-BANK-REF-000022,Synthetic settlement for SYNTH-BATCH-CURRENCY-000041
SYNTH-BANK-000023,SYNTH-BATCH-CURRENCY-000046,2026-01-05T05:29:49Z,1325.26,EUR,SYNTH-BANK-REF-000023,Synthetic settlement for SYNTH-BATCH-CURRENCY-000046
SYNTH-BANK-000024,SYNTH-BATCH-CURRENCY-000072,2026-01-03T15:28:18Z,606.98,EUR,SYNTH-BANK-REF-000024,Synthetic settlement for SYNTH-BATCH-CURRENCY-000072
SYNTH-BANK-000025,SYNTH-BATCH-CURRENCY-000378,2026-01-15T15:52:04Z,2233.45,EUR,SYNTH-BANK-REF-000025,Synthetic settlement for SYNTH-BATCH-CURRENCY-000378
SYNTH-BANK-000026,SYNTH-BATCH-CURRENCY-000415,2026-01-10T01:04:53Z,1526.87,EUR,SYNTH-BANK-REF-000026,Synthetic settlement for SYNTH-BATCH-CURRENCY-000415
SYNTH-BANK-000027,SYNTH-BATCH-CURRENCY-000416,2026-01-11T03:29:08Z,152.44,EUR,SYNTH-BANK-REF-000027,Synthetic settlement for SYNTH-BATCH-CURRENCY-000416
SYNTH-BANK-000028,SYNTH-BATCH-CURRENCY-000426,2026-01-07T01:43:08Z,1667.87,EUR,SYNTH-BANK-REF-000028,Synthetic settlement for SYNTH-BATCH-CURRENCY-000426
SYNTH-BANK-000029,SYNTH-BATCH-CURRENCY-000705,2026-01-06T15:30:47Z,2178.11,EUR,SYNTH-BANK-REF-000029,Synthetic settlement for SYNTH-BATCH-CURRENCY-000705
SYNTH-BANK-000030,SYNTH-BATCH-CURRENCY-000765,2026-01-10T03:13:53Z,1877.59,EUR,SYNTH-BANK-REF-000030,Synthetic settlement for SYNTH-BATCH-CURRENCY-000765
SYNTH-BANK-000031,SYNTH-BATCH-DUPLICATE-000030,2026-01-03T18:26:47Z,1762.4,EUR,SYNTH-BANK-REF-000031,Synthetic settlement for SYNTH-BATCH-DUPLICATE-000030
SYNTH-BANK-000031,SYNTH-BATCH-DUPLICATE-000030,2026-01-03T18:26:47Z,1762.4,EUR,SYNTH-BANK-REF-000031,Synthetic settlement for SYNTH-BATCH-DUPLICATE-000030
SYNTH-BANK-000032,SYNTH-BATCH-DUPLICATE-000057,2026-01-02T06:18:05Z,268.99,USD,SYNTH-BANK-REF-000032,Synthetic settlement for SYNTH-BATCH-DUPLICATE-000057
SYNTH-BANK-000032,SYNTH-BATCH-DUPLICATE-000057,2026-01-02T06:18:05Z,268.99,USD,SYNTH-BANK-REF-000032,Synthetic settlement for SYNTH-BATCH-DUPLICATE-000057
SYNTH-BANK-000033,SYNTH-BATCH-DUPLICATE-000202,2026-01-07T13:14:19Z,817.84,USD,SYNTH-BANK-REF-000033,Synthetic settlement for SYNTH-BATCH-DUPLICATE-000202
SYNTH-BANK-000033,SYNTH-BATCH-DUPLICATE-000202,2026-01-07T13:14:19Z,817.84,USD,SYNTH-BANK-REF-000033,Synthetic settlement for SYNTH-BATCH-DUPLICATE-000202
SYNTH-BANK-000034,SYNTH-BATCH-DUPLICATE-000331,2026-01-10T08:42:04Z,2368.57,GBP,SYNTH-BANK-REF-000034,Synthetic settlement for SYNTH-BATCH-DUPLICATE-000331
SYNTH-BANK-000034,SYNTH-BATCH-DUPLICATE-000331,2026-01-10T08:42:04Z,2368.57,GBP,SYNTH-BANK-REF-000034,Synthetic settlement for SYNTH-BATCH-DUPLICATE-000331
SYNTH-BANK-000035,SYNTH-BATCH-DUPLICATE-000341,2026-01-06T06:35:19Z,97.68,GBP,SYNTH-BANK-REF-000035,Synthetic settlement for SYNTH-BATCH-DUPLICATE-000341
SYNTH-BANK-000035,SYNTH-BATCH-DUPLICATE-000341,2026-01-06T06:35:19Z,97.68,GBP,SYNTH-BANK-REF-000035,Synthetic settlement for SYNTH-BATCH-DUPLICATE-000341
SYNTH-BANK-000036,SYNTH-BATCH-DUPLICATE-000554,2026-01-09T19:08:41Z,1356.56,USD,SYNTH-BANK-REF-000036,Synthetic settlement for SYNTH-BATCH-DUPLICATE-000554
SYNTH-BANK-000036,SYNTH-BATCH-DUPLICATE-000554,2026-01-09T19:08:41Z,1356.56,USD,SYNTH-BANK-REF-000036,Synthetic settlement for SYNTH-BATCH-DUPLICATE-000554
SYNTH-BANK-000037,SYNTH-BATCH-DUPLICATE-000849,2026-01-10T20:20:23Z,257.29,USD,SYNTH-BANK-REF-000037,Synthetic settlement for SYNTH-BATCH-DUPLICATE-000849
SYNTH-BANK-000037,SYNTH-BATCH-DUPLICATE-000849,2026-01-10T20:20:23Z,257.29,USD,SYNTH-BANK-REF-000037,Synthetic settlement for SYNTH-BATCH-DUPLICATE-000849
SYNTH-BANK-000038,SYNTH-BATCH-DUPLICATE-000875,2026-01-08T05:42:08Z,1558.17,USD,SYNTH-BANK-REF-000038,Synthetic settlement for SYNTH-BATCH-DUPLICATE-000875
SYNTH-BANK-000038,SYNTH-BATCH-DUPLICATE-000875,2026-01-08T05:42:08Z,1558.17,USD,SYNTH-BANK-REF-000038,Synthetic settlement for SYNTH-BATCH-DUPLICATE-000875
SYNTH-BANK-000039,SYNTH-BATCH-DUPLICATE-000926,2026-01-03T21:39:34Z,1692.29,USD,SYNTH-BANK-REF-000039,Synthetic settlement for SYNTH-BATCH-DUPLICATE-000926
SYNTH-BANK-000039,SYNTH-BATCH-DUPLICATE-000926,2026-01-03T21:39:34Z,1692.29,USD,SYNTH-BANK-REF-000039,Synthetic settlement for SYNTH-BATCH-DUPLICATE-000926
SYNTH-BANK-000040,SYNTH-BATCH-DUPLICATE-000991,2026-01-12T20:39:30Z,949.2,GBP,SYNTH-BANK-REF-000040,Synthetic settlement for SYNTH-BATCH-DUPLICATE-000991
SYNTH-BANK-000040,SYNTH-BATCH-DUPLICATE-000991,2026-01-12T20:39:30Z,949.2,GBP,SYNTH-BANK-REF-000040,Synthetic settlement for SYNTH-BATCH-DUPLICATE-000991
SYNTH-BANK-000041,SYNTH-BATCH-EUR-2026-01-04-0000,2026-01-03T14:56:49Z,5283.54,EUR,SYNTH-BANK-REF-000041,Synthetic settlement for SYNTH-BATCH-EUR-2026-01-04-0000
SYNTH-BANK-000042,SYNTH-BATCH-EUR-2026-01-04-0001,2026-01-03T20:10:53Z,3818.97,EUR,SYNTH-BANK-REF-000042,Synthetic settlement for SYNTH-BATCH-EUR-2026-01-04-0001
SYNTH-BANK-000043,SYNTH-BATCH-EUR-2026-01-04-0002,2026-01-03T22:01:35Z,5232.94,EUR,SYNTH-BANK-REF-000043,Synthetic settlement for SYNTH-BATCH-EUR-2026-01-04-0002
SYNTH-BANK-000044,SYNTH-BATCH-EUR-2026-01-06-0000,2026-01-05T22:37:46Z,4081.15,EUR,SYNTH-BANK-REF-000044,Synthetic settlement for SYNTH-BATCH-EUR-2026-01-06-0000
SYNTH-BANK-000045,SYNTH-BATCH-EUR-2026-01-06-0001,2026-01-05T20:58:26Z,3560.14,EUR,SYNTH-BANK-REF-000045,Synthetic settlement for SYNTH-BATCH-EUR-2026-01-06-0001
SYNTH-BANK-000046,SYNTH-BATCH-EUR-2026-01-06-0002,2026-01-05T22:03:44Z,3693.49,EUR,SYNTH-BANK-REF-000046,Synthetic settlement for SYNTH-BATCH-EUR-2026-01-06-0002
SYNTH-BANK-000047,SYNTH-BATCH-EUR-2026-01-08-0000,2026-01-07T20:29:42Z,7524.15,EUR,SYNTH-BANK-REF-000047,Synthetic settlement for SYNTH-BATCH-EUR-2026-01-08-0000
SYNTH-BANK-000048,SYNTH-BATCH-EUR-2026-01-08-0001,2026-01-07T22:27:09Z,3363.81,EUR,SYNTH-BANK-REF-000048,Synthetic settlement for SYNTH-BATCH-EUR-2026-01-08-0001
SYNTH-BANK-000049,SYNTH-BATCH-EUR-2026-01-08-0002,2026-01-07T20:06:25Z,9659.88,EUR,SYNTH-BANK-REF-000049,Synthetic settlement for SYNTH-BATCH-EUR-2026-01-08-0002
SYNTH-BANK-000050,SYNTH-BATCH-EUR-2026-01-10-0000,2026-01-09T20:20:01Z,4717.45,EUR,SYNTH-BANK-REF-000050,Synthetic settlement for SYNTH-BATCH-EUR-2026-01-10-0000
SYNTH-BANK-000051,SYNTH-BATCH-EUR-2026-01-10-0001,2026-01-09T22:03:31Z,5979.65,EUR,SYNTH-BANK-REF-000051,Synthetic settlement for SYNTH-BATCH-EUR-2026-01-10-0001
SYNTH-BANK-000052,SYNTH-BATCH-EUR-2026-01-10-0002,2026-01-10T00:04:14Z,1085.47,EUR,SYNTH-BANK-REF-000052,Synthetic settlement for SYNTH-BATCH-EUR-2026-01-10-0002
SYNTH-BANK-000053,SYNTH-BATCH-EUR-2026-01-12-0000,2026-01-11T22:48:14Z,4993.45,EUR,SYNTH-BANK-REF-000053,Synthetic settlement for SYNTH-BATCH-EUR-2026-01-12-0000
SYNTH-BANK-000054,SYNTH-BATCH-EUR-2026-01-12-0001,2026-01-11T20:40:24Z,8584.71,EUR,SYNTH-BANK-REF-000054,Synthetic settlement for SYNTH-BATCH-EUR-2026-01-12-0001
SYNTH-BANK-000055,SYNTH-BATCH-EUR-2026-01-12-0002,2026-01-11T22:47:56Z,4420.96,EUR,SYNTH-BANK-REF-000055,Synthetic settlement for SYNTH-BATCH-EUR-2026-01-12-0002
SYNTH-BANK-000056,SYNTH-BATCH-EUR-2026-01-14-0000,2026-01-13T22:36:48Z,4666.67,EUR,SYNTH-BANK-REF-000056,Synthetic settlement for SYNTH-BATCH-EUR-2026-01-14-0000
SYNTH-BANK-000057,SYNTH-BATCH-EUR-2026-01-14-0001,2026-01-13T18:04:20Z,5803.11,EUR,SYNTH-BANK-REF-000057,Synthetic settlement for SYNTH-BATCH-EUR-2026-01-14-0001
SYNTH-BANK-000058,SYNTH-BATCH-EUR-2026-01-14-0002,2026-01-13T20:51:58Z,5140.88,EUR,SYNTH-BANK-REF-000058,Synthetic settlement for SYNTH-BATCH-EUR-2026-01-14-0002
SYNTH-BANK-000059,SYNTH-BATCH-EUR-2026-01-16-0000,2026-01-15T20:09:22Z,5517.08,EUR,SYNTH-BANK-REF-000059,Synthetic settlement for SYNTH-BATCH-EUR-2026-01-16-0000
SYNTH-BANK-000060,SYNTH-BATCH-EUR-2026-01-16-0001,2026-01-15T18:20:22Z,2482.71,EUR,SYNTH-BANK-REF-000060,Synthetic settlement for SYNTH-BATCH-EUR-2026-01-16-0001
SYNTH-BANK-000061,SYNTH-BATCH-EUR-2026-01-16-0002,2026-01-15T14:30:20Z,3903.64,EUR,SYNTH-BANK-REF-000061,Synthetic settlement for SYNTH-BATCH-EUR-2026-01-16-0002
SYNTH-BANK-000062,SYNTH-BATCH-GBP-2026-01-03-0000,2026-01-02T22:25:12Z,2921.83,GBP,SYNTH-BANK-REF-000062,Synthetic settlement for SYNTH-BATCH-GBP-2026-01-03-0000
SYNTH-BANK-000063,SYNTH-BATCH-GBP-2026-01-03-0001,2026-01-02T20:22:35Z,6017.69,GBP,SYNTH-BANK-REF-000063,Synthetic settlement for SYNTH-BATCH-GBP-2026-01-03-0001
SYNTH-BANK-000064,SYNTH-BATCH-GBP-2026-01-03-0002,2026-01-02T16:20:03Z,5960.49,GBP,SYNTH-BANK-REF-000064,Synthetic settlement for SYNTH-BATCH-GBP-2026-01-03-0002
SYNTH-BANK-000065,SYNTH-BATCH-GBP-2026-01-05-0000,2026-01-04T17:17:04Z,4698.52,GBP,SYNTH-BANK-REF-000065,Synthetic settlement for SYNTH-BATCH-GBP-2026-01-05-0000
SYNTH-BANK-000066,SYNTH-BATCH-GBP-2026-01-05-0001,2026-01-04T22:56:33Z,6692.95,GBP,SYNTH-BANK-REF-000066,Synthetic settlement for SYNTH-BATCH-GBP-2026-01-05-0001
SYNTH-BANK-000067,SYNTH-BATCH-GBP-2026-01-05-0002,2026-01-04T21:01:10Z,3839.61,GBP,SYNTH-BANK-REF-000067,Synthetic settlement for SYNTH-BATCH-GBP-2026-01-05-0002
SYNTH-BANK-000068,SYNTH-BATCH-GBP-2026-01-07-0000,2026-01-06T20:20:57Z,3535.11,GBP,SYNTH-BANK-REF-000068,Synthetic settlement for SYNTH-BATCH-GBP-2026-01-07-0000
SYNTH-BANK-000069,SYNTH-BATCH-GBP-2026-01-07-0001,2026-01-06T23:07:28Z,5154.01,GBP,SYNTH-BANK-REF-000069,Synthetic settlement for SYNTH-BATCH-GBP-2026-01-07-0001
SYNTH-BANK-000070,SYNTH-BATCH-GBP-2026-01-07-0002,2026-01-07T00:06:10Z,7370.62,GBP,SYNTH-BANK-REF-000070,Synthetic settlement for SYNTH-BATCH-GBP-2026-01-07-0002
SYNTH-BANK-000071,SYNTH-BATCH-GBP-2026-01-09-0000,2026-01-08T22:32:47Z,5792.42,GBP,SYNTH-BANK-REF-000071,Synthetic settlement for SYNTH-BATCH-GBP-2026-01-09-0000
SYNTH-BANK-000072,SYNTH-BATCH-GBP-2026-01-09-0001,2026-01-08T20:49:06Z,3885.49,GBP,SYNTH-BANK-REF-000072,Synthetic settlement for SYNTH-BATCH-GBP-2026-01-09-0001
SYNTH-BANK-000073,SYNTH-BATCH-GBP-2026-01-09-0002,2026-01-08T23:03:20Z,4248.8,GBP,SYNTH-BANK-REF-000073,Synthetic settlement for SYNTH-BATCH-GBP-2026-01-09-0002
SYNTH-BANK-000074,SYNTH-BATCH-GBP-2026-01-11-0000,2026-01-10T23:05:57Z,5098.72,GBP,SYNTH-BANK-REF-000074,Synthetic settlement for SYNTH-BATCH-GBP-2026-01-11-0000
SYNTH-BANK-000075,SYNTH-BATCH-GBP-2026-01-11-0001,2026-01-10T18:52:08Z,5667.64,GBP,SYNTH-BANK-REF-000075,Synthetic settlement for SYNTH-BATCH-GBP-2026-01-11-0001
SYNTH-BANK-000076,SYNTH-BATCH-GBP-2026-01-11-0002,2026-01-10T20:26:13Z,4216.74,GBP,SYNTH-BANK-REF-000076,Synthetic settlement for SYNTH-BATCH-GBP-2026-01-11-0002
SYNTH-BANK-000077,SYNTH-BATCH-GBP-2026-01-13-0000,2026-01-12T20:40:45Z,7412.53,GBP,SYNTH-BANK-REF-000077,Synthetic settlement for SYNTH-BATCH-GBP-2026-01-13-0000
SYNTH-BANK-000078,SYNTH-BATCH-GBP-2026-01-13-0001,2026-01-12T22:28:26Z,7034.23,GBP,SYNTH-BANK-REF-000078,Synthetic settlement for SYNTH-BATCH-GBP-2026-01-13-0001
SYNTH-BANK-000079,SYNTH-BATCH-GBP-2026-01-13-0002,2026-01-12T14:39:36Z,2531.34,GBP,SYNTH-BANK-REF-000079,Synthetic settlement for SYNTH-BATCH-GBP-2026-01-13-0002
SYNTH-BANK-000080,SYNTH-BATCH-GBP-2026-01-15-0000,2026-01-14T14:21:14Z,4208.82,GBP,SYNTH-BANK-REF-000080,Synthetic settlement for SYNTH-BATCH-GBP-2026-01-15-0000
SYNTH-BANK-000081,SYNTH-BATCH-GBP-2026-01-15-0001,2026-01-14T20:21:55Z,4438.55,GBP,SYNTH-BANK-REF-000081,Synthetic settlement for SYNTH-BATCH-GBP-2026-01-15-0001
SYNTH-BANK-000082,SYNTH-BATCH-GBP-2026-01-15-0002,2026-01-14T18:37:38Z,2970.51,GBP,SYNTH-BANK-REF-000082,Synthetic settlement for SYNTH-BATCH-GBP-2026-01-15-0002
SYNTH-BANK-000083,SYNTH-BATCH-LATE-000005,2026-01-12T11:18:02Z,1993.14,USD,SYNTH-BANK-REF-000083,Synthetic settlement for SYNTH-BATCH-LATE-000005
SYNTH-BANK-000084,SYNTH-BATCH-LATE-000035,2026-01-14T05:52:56Z,427.48,USD,SYNTH-BANK-REF-000084,Synthetic settlement for SYNTH-BATCH-LATE-000035
SYNTH-BANK-000085,SYNTH-BATCH-LATE-000093,2026-01-16T12:46:55Z,212.75,USD,SYNTH-BANK-REF-000085,Synthetic settlement for SYNTH-BATCH-LATE-000093
SYNTH-BANK-000086,SYNTH-BATCH-LATE-000098,2026-01-21T00:10:17Z,137.26,USD,SYNTH-BANK-REF-000086,Synthetic settlement for SYNTH-BATCH-LATE-000098
SYNTH-BANK-000087,SYNTH-BATCH-LATE-000376,2026-01-19T11:30:09Z,1162.69,USD,SYNTH-BANK-REF-000087,Synthetic settlement for SYNTH-BATCH-LATE-000376
SYNTH-BANK-000088,SYNTH-BATCH-LATE-000425,2026-01-12T23:28:38Z,1974.18,USD,SYNTH-BANK-REF-000088,Synthetic settlement for SYNTH-BATCH-LATE-000425
SYNTH-BANK-000089,SYNTH-BATCH-LATE-000485,2026-01-16T11:12:54Z,1191.46,USD,SYNTH-BANK-REF-000089,Synthetic settlement for SYNTH-BATCH-LATE-000485
SYNTH-BANK-000090,SYNTH-BATCH-LATE-000581,2026-01-14T06:49:10Z,300.72,GBP,SYNTH-BANK-REF-000090,Synthetic settlement for SYNTH-BATCH-LATE-000581
SYNTH-BANK-000091,SYNTH-BATCH-LATE-000679,2026-01-14T06:22:30Z,766.57,USD,SYNTH-BANK-REF-000091,Synthetic settlement for SYNTH-BATCH-LATE-000679
SYNTH-BANK-000092,SYNTH-BATCH-LATE-000709,2026-01-16T00:45:12Z,320.86,USD,SYNTH-BANK-REF-000092,Synthetic settlement for SYNTH-BATCH-LATE-000709
SYNTH-BANK-000093,SYNTH-BATCH-LATE-000729,2026-01-08T20:16:12Z,2198.0,USD,SYNTH-BANK-REF-000093,Synthetic settlement for SYNTH-BATCH-LATE-000729
SYNTH-BANK-000094,SYNTH-BATCH-LATE-000739,2026-01-18T18:31:13Z,1682.44,USD,SYNTH-BANK-REF-000094,Synthetic settlement for SYNTH-BATCH-LATE-000739
SYNTH-BANK-000095,SYNTH-BATCH-LATE-000752,2026-01-17T22:59:31Z,672.73,USD,SYNTH-BANK-REF-000095,Synthetic settlement for SYNTH-BATCH-LATE-000752
SYNTH-BANK-000096,SYNTH-BATCH-LATE-000758,2026-01-09T11:34:47Z,964.63,USD,SYNTH-BANK-REF-000096,Synthetic settlement for SYNTH-BATCH-LATE-000758
SYNTH-BANK-000097,SYNTH-BATCH-LATE-000764,2026-01-15T01:34:32Z,1441.11,USD,SYNTH-BANK-REF-000097,Synthetic settlement for SYNTH-BATCH-LATE-000764
SYNTH-BANK-000098,SYNTH-BATCH-LATE-000805,2026-01-14T19:10:58Z,44.06,USD,SYNTH-BANK-REF-000098,Synthetic settlement for SYNTH-BATCH-LATE-000805
SYNTH-BANK-000099,SYNTH-BATCH-LATE-000811,2026-01-20T08:55:14Z,1344.49,GBP,SYNTH-BANK-REF-000099,Synthetic settlement for SYNTH-BATCH-LATE-000811
SYNTH-BANK-000100,SYNTH-BATCH-LATE-000920,2026-01-17T08:40:56Z,1304.98,EUR,SYNTH-BANK-REF-000100,Synthetic settlement for SYNTH-BATCH-LATE-000920
SYNTH-BANK-000101,SYNTH-BATCH-LATE-000966,2026-01-21T13:51:54Z,1457.29,USD,SYNTH-BANK-REF-000101,Synthetic settlement for SYNTH-BATCH-LATE-000966
SYNTH-BANK-000102,SYNTH-BATCH-LATE-000986,2026-01-13T09:11:43Z,294.36,USD,SYNTH-BANK-REF-000102,Synthetic settlement for SYNTH-BATCH-LATE-000986
SYNTH-BANK-000103,SYNTH-BATCH-PROC-ONLY-000001,2026-01-02T01:00:00Z,400.88,USD,SYNTH-BANK-REF-000103,Synthetic settlement for SYNTH-BATCH-PROC-ONLY-000001
SYNTH-BANK-000104,SYNTH-BATCH-PROC-ONLY-000002,2026-01-02T02:00:00Z,429.93,USD,SYNTH-BANK-REF-000104,Synthetic settlement for SYNTH-BATCH-PROC-ONLY-000002
SYNTH-BANK-000105,SYNTH-BATCH-PROC-ONLY-000003,2026-01-02T03:00:00Z,377.13,USD,SYNTH-BANK-REF-000105,Synthetic settlement for SYNTH-BATCH-PROC-ONLY-000003
SYNTH-BANK-000106,SYNTH-BATCH-PROC-ONLY-000004,2026-01-02T04:00:00Z,75.06,USD,SYNTH-BANK-REF-000106,Synthetic settlement for SYNTH-BATCH-PROC-ONLY-000004
SYNTH-BANK-000107,SYNTH-BATCH-PROC-ONLY-000005,2026-01-02T05:00:00Z,836.06,USD,SYNTH-BANK-REF-000107,Synthetic settlement for SYNTH-BATCH-PROC-ONLY-000005
SYNTH-BANK-000108,SYNTH-BATCH-PROC-ONLY-000006,2026-01-02T06:00:00Z,703.6,USD,SYNTH-BANK-REF-000108,Synthetic settlement for SYNTH-BATCH-PROC-ONLY-000006
SYNTH-BANK-000109,SYNTH-BATCH-PROC-ONLY-000007,2026-01-02T07:00:00Z,699.58,USD,SYNTH-BANK-REF-000109,Synthetic settlement for SYNTH-BATCH-PROC-ONLY-000007
SYNTH-BANK-000110,SYNTH-BATCH-PROC-ONLY-000008,2026-01-02T08:00:00Z,274.0,USD,SYNTH-BANK-REF-000110,Synthetic settlement for SYNTH-BATCH-PROC-ONLY-000008
SYNTH-BANK-000111,SYNTH-BATCH-PROC-ONLY-000009,2026-01-02T09:00:00Z,359.0,USD,SYNTH-BANK-REF-000111,Synthetic settlement for SYNTH-BATCH-PROC-ONLY-000009
SYNTH-BANK-000112,SYNTH-BATCH-PROC-ONLY-000010,2026-01-02T10:00:00Z,617.99,USD,SYNTH-BANK-REF-000112,Synthetic settlement for SYNTH-BATCH-PROC-ONLY-000010
SYNTH-BANK-000113,SYNTH-BATCH-PROC-ONLY-000011,2026-01-02T11:00:00Z,591.02,USD,SYNTH-BANK-REF-000113,Synthetic settlement for SYNTH-BATCH-PROC-ONLY-000011
SYNTH-BANK-000114,SYNTH-BATCH-PROC-ONLY-000012,2026-01-02T12:00:00Z,635.71,USD,SYNTH-BANK-REF-000114,Synthetic settlement for SYNTH-BATCH-PROC-ONLY-000012
SYNTH-BANK-000115,SYNTH-BATCH-PROC-ONLY-000013,2026-01-02T13:00:00Z,629.74,USD,SYNTH-BANK-REF-000115,Synthetic settlement for SYNTH-BATCH-PROC-ONLY-000013
SYNTH-BANK-000116,SYNTH-BATCH-PROC-ONLY-000014,2026-01-02T14:00:00Z,7.56,USD,SYNTH-BANK-REF-000116,Synthetic settlement for SYNTH-BATCH-PROC-ONLY-000014
SYNTH-BANK-000117,SYNTH-BATCH-PROC-ONLY-000015,2026-01-02T15:00:00Z,540.72,USD,SYNTH-BANK-REF-000117,Synthetic settlement for SYNTH-BATCH-PROC-ONLY-000015
SYNTH-BANK-000118,SYNTH-BATCH-PROC-ONLY-000016,2026-01-02T16:00:00Z,816.59,USD,SYNTH-BANK-REF-000118,Synthetic settlement for SYNTH-BATCH-PROC-ONLY-000016
SYNTH-BANK-000119,SYNTH-BATCH-PROC-ONLY-000017,2026-01-02T17:00:00Z,490.82,USD,SYNTH-BANK-REF-000119,Synthetic settlement for SYNTH-BATCH-PROC-ONLY-000017
SYNTH-BANK-000120,SYNTH-BATCH-PROC-ONLY-000018,2026-01-02T18:00:00Z,152.71,USD,SYNTH-BANK-REF-000120,Synthetic settlement for SYNTH-BATCH-PROC-ONLY-000018
SYNTH-BANK-000121,SYNTH-BATCH-PROC-ONLY-000019,2026-01-02T19:00:00Z,571.68,USD,SYNTH-BANK-REF-000121,Synthetic settlement for SYNTH-BATCH-PROC-ONLY-000019
SYNTH-BANK-000122,SYNTH-BATCH-PROC-ONLY-000020,2026-01-02T20:00:00Z,616.83,USD,SYNTH-BANK-REF-000122,Synthetic settlement for SYNTH-BATCH-PROC-ONLY-000020
SYNTH-BANK-000123,SYNTH-BATCH-REFUND-000023,2026-01-11T02:41:02Z,-718.58,USD,SYNTH-BANK-REF-000123,Synthetic settlement for SYNTH-BATCH-REFUND-000023
SYNTH-BANK-000124,SYNTH-BATCH-REFUND-000028,2026-01-16T14:30:33Z,-607.81,USD,SYNTH-BANK-REF-000124,Synthetic settlement for SYNTH-BATCH-REFUND-000028
SYNTH-BANK-000125,SYNTH-BATCH-REFUND-000120,2026-01-10T00:01:40Z,-774.42,EUR,SYNTH-BANK-REF-000125,Synthetic settlement for SYNTH-BATCH-REFUND-000120
SYNTH-BANK-000126,SYNTH-BATCH-REFUND-000135,2026-01-11T09:21:55Z,-631.87,USD,SYNTH-BANK-REF-000126,Synthetic settlement for SYNTH-BATCH-REFUND-000135
SYNTH-BANK-000127,SYNTH-BATCH-REFUND-000146,2026-01-08T09:43:29Z,-1472.02,USD,SYNTH-BANK-REF-000127,Synthetic settlement for SYNTH-BATCH-REFUND-000146
SYNTH-BANK-000128,SYNTH-BATCH-REFUND-000170,2026-01-04T14:46:49Z,-293.02,EUR,SYNTH-BANK-REF-000128,Synthetic settlement for SYNTH-BATCH-REFUND-000170
SYNTH-BANK-000129,SYNTH-BATCH-REFUND-000185,2026-01-05T23:12:04Z,-518.08,USD,SYNTH-BANK-REF-000129,Synthetic settlement for SYNTH-BATCH-REFUND-000185
SYNTH-BANK-000130,SYNTH-BATCH-REFUND-000190,2026-01-10T09:58:34Z,-439.33,EUR,SYNTH-BANK-REF-000130,Synthetic settlement for SYNTH-BATCH-REFUND-000190
SYNTH-BANK-000131,SYNTH-BATCH-REFUND-000205,2026-01-11T19:24:27Z,-16.93,USD,SYNTH-BANK-REF-000131,Synthetic settlement for SYNTH-BATCH-REFUND-000205
SYNTH-BANK-000132,SYNTH-BATCH-REFUND-000213,2026-01-05T13:31:22Z,-1351.31,USD,SYNTH-BANK-REF-000132,Synthetic settlement for SYNTH-BATCH-REFUND-000213
SYNTH-BANK-000133,SYNTH-BATCH-REFUND-000224,2026-01-16T13:12:09Z,-127.66,USD,SYNTH-BANK-REF-000133,Synthetic settlement for SYNTH-BATCH-REFUND-000224
SYNTH-BANK-000134,SYNTH-BATCH-REFUND-000230,2026-01-08T02:49:46Z,-714.93,EUR,SYNTH-BANK-REF-000134,Synthetic settlement for SYNTH-BATCH-REFUND-000230
SYNTH-BANK-000135,SYNTH-BATCH-REFUND-000261,2026-01-11T22:55:57Z,-1149.16,GBP,SYNTH-BANK-REF-000135,Synthetic settlement for SYNTH-BATCH-REFUND-000261
SYNTH-BANK-000136,SYNTH-BATCH-REFUND-000264,2026-01-14T05:40:07Z,-474.78,USD,SYNTH-BANK-REF-000136,Synthetic settlement for SYNTH-BATCH-REFUND-000264
SYNTH-BANK-000137,SYNTH-BATCH-REFUND-000295,2026-01-03T01:03:36Z,-2282.78,USD,SYNTH-BANK-REF-000137,Synthetic settlement for SYNTH-BATCH-REFUND-000295
SYNTH-BANK-000138,SYNTH-BATCH-REFUND-000350,2026-01-16T02:16:18Z,-2107.51,EUR,SYNTH-BANK-REF-000138,Synthetic settlement for SYNTH-BATCH-REFUND-000350
SYNTH-BANK-000139,SYNTH-BATCH-REFUND-000367,2026-01-05T16:08:49Z,-639.99,USD,SYNTH-BANK-REF-000139,Synthetic settlement for SYNTH-BATCH-REFUND-000367
SYNTH-BANK-000140,SYNTH-BATCH-REFUND-000382,2026-01-06T01:07:32Z,-847.58,USD,SYNTH-BANK-REF-000140,Synthetic settlement for SYNTH-BATCH-REFUND-000382
SYNTH-BANK-000141,SYNTH-BATCH-REFUND-000400,2026-01-10T16:41:00Z,-42.49,EUR,SYNTH-BANK-REF-000141,Synthetic settlement for SYNTH-BATCH-REFUND-000400
SYNTH-BANK-000142,SYNTH-BATCH-REFUND-000431,2026-01-13T12:54:47Z,-609.04,GBP,SYNTH-BANK-REF-000142,Synthetic settlement for SYNTH-BATCH-REFUND-000431
SYNTH-BANK-000143,SYNTH-BATCH-REFUND-000439,2026-01-07T06:14:39Z,-822.81,USD,SYNTH-BANK-REF-000143,Synthetic settlement for SYNTH-BATCH-REFUND-000439
SYNTH-BANK-000144,SYNTH-BATCH-REFUND-000445,2026-01-13T19:50:51Z,-442.42,USD,SYNTH-BANK-REF-000144,Synthetic settlement for SYNTH-BATCH-REFUND-000445
SYNTH-BANK-000145,SYNTH-BATCH-REFUND-000469,2026-01-09T00:30:24Z,-722.27,USD,SYNTH-BANK-REF-000145,Synthetic settlement for SYNTH-BATCH-REFUND-000469
SYNTH-BANK-000146,SYNTH-BATCH-REFUND-000476,2026-01-16T15:24:42Z,-952.14,USD,SYNTH-BANK-REF-000146,Synthetic settlement for SYNTH-BATCH-REFUND-000476
SYNTH-BANK-000147,SYNTH-BATCH-REFUND-000487,2026-01-13T16:01:00Z,-533.28,USD,SYNTH-BANK-REF-000147,Synthetic settlement for SYNTH-BATCH-REFUND-000487
SYNTH-BANK-000148,SYNTH-BATCH-REFUND-000518,2026-01-16T12:20:11Z,-1175.85,USD,SYNTH-BANK-REF-000148,Synthetic settlement for SYNTH-BATCH-REFUND-000518
SYNTH-BANK-000149,SYNTH-BATCH-REFUND-000608,2026-01-08T18:17:25Z,-551.57,USD,SYNTH-BANK-REF-000149,Synthetic settlement for SYNTH-BATCH-REFUND-000608
SYNTH-BANK-000150,SYNTH-BATCH-REFUND-000689,2026-01-05T04:22:23Z,-713.36,USD,SYNTH-BANK-REF-000150,Synthetic settlement for SYNTH-BATCH-REFUND-000689
SYNTH-BANK-000151,SYNTH-BATCH-REFUND-000702,2026-01-04T08:22:10Z,-1058.88,USD,SYNTH-BANK-REF-000151,Synthetic settlement for SYNTH-BATCH-REFUND-000702
SYNTH-BANK-000152,SYNTH-BATCH-REFUND-000746,2026-01-06T09:35:02Z,-764.09,USD,SYNTH-BANK-REF-000152,Synthetic settlement for SYNTH-BATCH-REFUND-000746
SYNTH-BANK-000153,SYNTH-BATCH-REFUND-000751,2026-01-11T20:16:13Z,-1070.48,GBP,SYNTH-BANK-REF-000153,Synthetic settlement for SYNTH-BATCH-REFUND-000751
SYNTH-BANK-000154,SYNTH-BATCH-REFUND-000795,2026-01-13T21:36:04Z,-2092.82,USD,SYNTH-BANK-REF-000154,Synthetic settlement for SYNTH-BATCH-REFUND-000795
SYNTH-BANK-000155,SYNTH-BATCH-REFUND-000851,2026-01-13T00:04:37Z,-20.87,GBP,SYNTH-BANK-REF-000155,Synthetic settlement for SYNTH-BATCH-REFUND-000851
SYNTH-BANK-000156,SYNTH-BATCH-REFUND-000871,2026-01-05T20:51:10Z,-1174.17,GBP,SYNTH-BANK-REF-000156,Synthetic settlement for SYNTH-BATCH-REFUND-000871
SYNTH-BANK-000157,SYNTH-BATCH-REFUND-000881,2026-01-15T18:27:38Z,-500.56,GBP,SYNTH-BANK-REF-000157,Synthetic settlement for SYNTH-BATCH-REFUND-000881
SYNTH-BANK-000158,SYNTH-BATCH-REFUND-000898,2026-01-04T07:21:05Z,-2370.52,USD,SYNTH-BANK-REF-000158,Synthetic settlement for SYNTH-BATCH-REFUND-000898
SYNTH-BANK-000159,SYNTH-BATCH-REFUND-000912,2026-01-04T14:15:41Z,-332.45,USD,SYNTH-BANK-REF-000159,Synthetic settlement for SYNTH-BATCH-REFUND-000912
SYNTH-BANK-000160,SYNTH-BATCH-REFUND-000929,2026-01-07T04:01:48Z,-701.47,USD,SYNTH-BANK-REF-000160,Synthetic settlement for SYNTH-BATCH-REFUND-000929
SYNTH-BANK-000161,SYNTH-BATCH-REFUND-000989,2026-01-11T15:49:08Z,-747.94,USD,SYNTH-BANK-REF-000161,Synthetic settlement for SYNTH-BATCH-REFUND-000989
SYNTH-BANK-000162,SYNTH-BATCH-REFUND-000995,2026-01-03T04:57:26Z,-1906.98,USD,SYNTH-BANK-REF-000162,Synthetic settlement for SYNTH-BATCH-REFUND-000995
SYNTH-BANK-000163,SYNTH-BATCH-USD-2026-01-03-0000,2026-01-02T23:27:38Z,24148.25,USD,SYNTH-BANK-REF-000163,Synthetic settlement for SYNTH-BATCH-USD-2026-01-03-0000
SYNTH-BANK-000164,SYNTH-BATCH-USD-2026-01-03-0001,2026-01-02T23:33:41Z,17242.55,USD,SYNTH-BANK-REF-000164,Synthetic settlement for SYNTH-BATCH-USD-2026-01-03-0001
SYNTH-BANK-000165,SYNTH-BATCH-USD-2026-01-03-0002,2026-01-02T23:14:01Z,17014.11,USD,SYNTH-BANK-REF-000165,Synthetic settlement for SYNTH-BATCH-USD-2026-01-03-0002
SYNTH-BANK-000166,SYNTH-BATCH-USD-2026-01-04-0000,2026-01-03T21:52:39Z,21160.5,USD,SYNTH-BANK-REF-000166,Synthetic settlement for SYNTH-BATCH-USD-2026-01-04-0000
SYNTH-BANK-000167,SYNTH-BATCH-USD-2026-01-04-0001,2026-01-03T23:34:13Z,22524.5,USD,SYNTH-BANK-REF-000167,Synthetic settlement for SYNTH-BATCH-USD-2026-01-04-0001
SYNTH-BANK-000168,SYNTH-BATCH-USD-2026-01-04-0002,2026-01-03T21:45:11Z,19471.96,USD,SYNTH-BANK-REF-000168,Synthetic settlement for SYNTH-BATCH-USD-2026-01-04-0002
SYNTH-BANK-000169,SYNTH-BATCH-USD-2026-01-05-0000,2026-01-04T23:26:41Z,17280.76,USD,SYNTH-BANK-REF-000169,Synthetic settlement for SYNTH-BATCH-USD-2026-01-05-0000
SYNTH-BANK-000170,SYNTH-BATCH-USD-2026-01-05-0001,2026-01-04T22:31:41Z,22917.55,USD,SYNTH-BANK-REF-000170,Synthetic settlement for SYNTH-BATCH-USD-2026-01-05-0001
SYNTH-BANK-000171,SYNTH-BATCH-USD-2026-01-05-0002,2026-01-04T23:55:23Z,27891.98,USD,SYNTH-BANK-REF-000171,Synthetic settlement for SYNTH-BATCH-USD-2026-01-05-0002
SYNTH-BANK-000172,SYNTH-BATCH-USD-2026-01-06-0000,2026-01-05T22:39:57Z,20884.57,USD,SYNTH-BANK-REF-000172,Synthetic settlement for SYNTH-BATCH-USD-2026-01-06-0000
SYNTH-BANK-000173,SYNTH-BATCH-USD-2026-01-06-0001,2026-01-05T20:56:14Z,20552.98,USD,SYNTH-BANK-REF-000173,Synthetic settlement for SYNTH-BATCH-USD-2026-01-06-0001
SYNTH-BANK-000174,SYNTH-BATCH-USD-2026-01-06-0002,2026-01-05T23:17:50Z,20148.13,USD,SYNTH-BANK-REF-000174,Synthetic settlement for SYNTH-BATCH-USD-2026-01-06-0002
SYNTH-BANK-000175,SYNTH-BATCH-USD-2026-01-07-0000,2026-01-06T23:43:42Z,24610.36,USD,SYNTH-BANK-REF-000175,Synthetic settlement for SYNTH-BATCH-USD-2026-01-07-0000
SYNTH-BANK-000176,SYNTH-BATCH-USD-2026-01-07-0001,2026-01-06T22:41:23Z,20963.7,USD,SYNTH-BANK-REF-000176,Synthetic settlement for SYNTH-BATCH-USD-2026-01-07-0001
SYNTH-BANK-000177,SYNTH-BATCH-USD-2026-01-07-0002,2026-01-06T22:35:38Z,17027.57,USD,SYNTH-BANK-REF-000177,Synthetic settlement for SYNTH-BATCH-USD-2026-01-07-0002
SYNTH-BANK-000178,SYNTH-BATCH-USD-2026-01-08-0000,2026-01-07T23:34:51Z,23126.11,USD,SYNTH-BANK-REF-000178,Synthetic settlement for SYNTH-BATCH-USD-2026-01-08-0000
SYNTH-BANK-000179,SYNTH-BATCH-USD-2026-01-08-0001,2026-01-07T21:43:24Z,20383.81,USD,SYNTH-BANK-REF-000179,Synthetic settlement for SYNTH-BATCH-USD-2026-01-08-0001
SYNTH-BANK-000180,SYNTH-BATCH-USD-2026-01-08-0002,2026-01-07T23:24:14Z,20837.25,USD,SYNTH-BANK-REF-000180,Synthetic settlement for SYNTH-BATCH-USD-2026-01-08-0002
SYNTH-BANK-000181,SYNTH-BATCH-USD-2026-01-09-0000,2026-01-08T22:29:17Z,22230.26,USD,SYNTH-BANK-REF-000181,Synthetic settlement for SYNTH-BATCH-USD-2026-01-09-0000
SYNTH-BANK-000182,SYNTH-BATCH-USD-2026-01-09-0001,2026-01-08T23:51:33Z,23397.6,USD,SYNTH-BANK-REF-000182,Synthetic settlement for SYNTH-BATCH-USD-2026-01-09-0001
SYNTH-BANK-000183,SYNTH-BATCH-USD-2026-01-09-0002,2026-01-08T23:15:17Z,15283.14,USD,SYNTH-BANK-REF-000183,Synthetic settlement for SYNTH-BATCH-USD-2026-01-09-0002
SYNTH-BANK-000184,SYNTH-BATCH-USD-2026-01-10-0000,2026-01-09T21:54:20Z,23178.33,USD,SYNTH-BANK-REF-000184,Synthetic settlement for SYNTH-BATCH-USD-2026-01-10-0000
SYNTH-BANK-000185,SYNTH-BATCH-USD-2026-01-10-0001,2026-01-09T23:16:44Z,27320.27,USD,SYNTH-BANK-REF-000185,Synthetic settlement for SYNTH-BATCH-USD-2026-01-10-0001
SYNTH-BANK-000186,SYNTH-BATCH-USD-2026-01-10-0002,2026-01-09T22:04:39Z,17924.21,USD,SYNTH-BANK-REF-000186,Synthetic settlement for SYNTH-BATCH-USD-2026-01-10-0002
SYNTH-BANK-000187,SYNTH-BATCH-USD-2026-01-11-0000,2026-01-10T23:28:42Z,27109.53,USD,SYNTH-BANK-REF-000187,Synthetic settlement for SYNTH-BATCH-USD-2026-01-11-0000
SYNTH-BANK-000188,SYNTH-BATCH-USD-2026-01-11-0001,2026-01-10T22:15:21Z,23999.39,USD,SYNTH-BANK-REF-000188,Synthetic settlement for SYNTH-BATCH-USD-2026-01-11-0001
SYNTH-BANK-000189,SYNTH-BATCH-USD-2026-01-11-0002,2026-01-10T23:30:19Z,15932.9,USD,SYNTH-BANK-REF-000189,Synthetic settlement for SYNTH-BATCH-USD-2026-01-11-0002
SYNTH-BANK-000190,SYNTH-BATCH-USD-2026-01-12-0000,2026-01-11T22:17:20Z,21810.22,USD,SYNTH-BANK-REF-000190,Synthetic settlement for SYNTH-BATCH-USD-2026-01-12-0000
SYNTH-BANK-000191,SYNTH-BATCH-USD-2026-01-12-0001,2026-01-11T23:34:36Z,20553.04,USD,SYNTH-BANK-REF-000191,Synthetic settlement for SYNTH-BATCH-USD-2026-01-12-0001
SYNTH-BANK-000192,SYNTH-BATCH-USD-2026-01-12-0002,2026-01-11T22:16:57Z,17093.67,USD,SYNTH-BANK-REF-000192,Synthetic settlement for SYNTH-BATCH-USD-2026-01-12-0002
SYNTH-BANK-000193,SYNTH-BATCH-USD-2026-01-13-0000,2026-01-12T23:58:12Z,19175.91,USD,SYNTH-BANK-REF-000193,Synthetic settlement for SYNTH-BATCH-USD-2026-01-13-0000
SYNTH-BANK-000194,SYNTH-BATCH-USD-2026-01-13-0001,2026-01-12T23:08:26Z,23118.68,USD,SYNTH-BANK-REF-000194,Synthetic settlement for SYNTH-BATCH-USD-2026-01-13-0001
SYNTH-BANK-000195,SYNTH-BATCH-USD-2026-01-13-0002,2026-01-12T21:46:04Z,16115.46,USD,SYNTH-BANK-REF-000195,Synthetic settlement for SYNTH-BATCH-USD-2026-01-13-0002
SYNTH-BANK-000196,SYNTH-BATCH-USD-2026-01-14-0000,2026-01-13T23:51:58Z,25888.12,USD,SYNTH-BANK-REF-000196,Synthetic settlement for SYNTH-BATCH-USD-2026-01-14-0000
SYNTH-BANK-000197,SYNTH-BATCH-USD-2026-01-14-0001,2026-01-13T21:29:36Z,20791.67,USD,SYNTH-BANK-REF-000197,Synthetic settlement for SYNTH-BATCH-USD-2026-01-14-0001
SYNTH-BANK-000198,SYNTH-BATCH-USD-2026-01-14-0002,2026-01-13T23:31:26Z,23755.12,USD,SYNTH-BANK-REF-000198,Synthetic settlement for SYNTH-BATCH-USD-2026-01-14-0002
SYNTH-BANK-000199,SYNTH-BATCH-USD-2026-01-15-0000,2026-01-14T21:40:19Z,25123.14,USD,SYNTH-BANK-REF-000199,Synthetic settlement for SYNTH-BATCH-USD-2026-01-15-0000
SYNTH-BANK-000200,SYNTH-BATCH-USD-2026-01-15-0001,2026-01-14T23:32:28Z,21554.71,USD,SYNTH-BANK-REF-000200,Synthetic settlement for SYNTH-BATCH-USD-2026-01-15-0001
SYNTH-BANK-000201,SYNTH-BATCH-USD-2026-01-15-0002,2026-01-14T21:44:48Z,24027.03,USD,SYNTH-BANK-REF-000201,Synthetic settlement for SYNTH-BATCH-USD-2026-01-15-0002
SYNTH-BANK-000202,SYNTH-BATCH-USD-2026-01-16-0000,2026-01-15T23:19:31Z,19268.55,USD,SYNTH-BANK-REF-000202,Synthetic settlement for SYNTH-BATCH-USD-2026-01-16-0000
SYNTH-BANK-000203,SYNTH-BATCH-USD-2026-01-16-0001,2026-01-15T23:18:31Z,23724.26,USD,SYNTH-BANK-REF-000203,Synthetic settlement for SYNTH-BATCH-USD-2026-01-16-0001
SYNTH-BANK-000204,SYNTH-BATCH-USD-2026-01-16-0002,2026-01-16T00:01:45Z,20487.18,USD,SYNTH-BANK-REF-000204,Synthetic settlement for SYNTH-BATCH-USD-2026-01-16-0002
SYNTH-BANK-ONLY-000001,SYNTH-BATCH-BANK-ONLY-000001,2026-01-02T00:00:00Z,25.0,USD,SYNTH-BANK-ONLY-REF-000001,Synthetic bank-only entry with no processor batch
SYNTH-BANK-ONLY-000002,SYNTH-BATCH-BANK-ONLY-000002,2026-01-03T00:00:00Z,25.0,USD,SYNTH-BANK-ONLY-REF-000002,Synthetic bank-only entry with no processor batch
SYNTH-BANK-ONLY-000003,SYNTH-BATCH-BANK-ONLY-000003,2026-01-04T00:00:00Z,25.0,USD,SYNTH-BANK-ONLY-REF-000003,Synthetic bank-only entry with no processor batch
SYNTH-BANK-ONLY-000004,SYNTH-BATCH-BANK-ONLY-000004,2026-01-05T00:00:00Z,25.0,USD,SYNTH-BANK-ONLY-REF-000004,Synthetic bank-only entry with no processor batch
SYNTH-BANK-ONLY-000005,SYNTH-BATCH-BANK-ONLY-000005,2026-01-06T00:00:00Z,25.0,USD,SYNTH-BANK-ONLY-REF-000005,Synthetic bank-only entry with no processor batch
